"","Response","Variable","Posterior Mode","lowerHPD","upperHPD"
"1","Days to flower","Host Species","0.0208","0.0003","0.0345"
"2","Days to flower","animal","0.0015","0.0000","0.1906"
"3","Days to flower","units","0.0512","0.0424","0.0579"
"4","Survival","Host Species","0.1923","0.0879","0.3586"
"5","Survival","animal","0.0071","0.0000","1.0879"
"6","Survival","units","0.9999","1.0000","1.0000"
"7","End of season reproduction","Host Species","5.4829","2.2185","12.6790"
"8","End of season reproduction","animal","13.6288","0.0001","70.3665"
"9","End of season reproduction","units","5.0165","4.2687","5.8976"
